anomaly_label,anomaly_score
0,-0.5797356078812604
0,-0.5772020494347534
1,-0.5841307961051128
1,-0.6747940798626656
0,-0.5309996643949528
0,-0.5490345908336411
0,-0.5359034578897418
0,-0.5226821558214348
0,-0.5315394416197757
0,-0.5241048535805435
0,-0.5732287494256789
0,-0.5345461776148204
0,-0.538532137328931
0,-0.5171049937132093
0,-0.5163435544964515
0,-0.562664475338701
0,-0.564189302097811
0,-0.49183689361968963
0,-0.49530293487671234
0,-0.5396673556289466
0,-0.5189785631729921
1,-0.5815456285130812
0,-0.5368596942807916
0,-0.5626551555313493
0,-0.5247404249417412
0,-0.5607903701019393
0,-0.5294777931304104
1,-0.5833192960273101
0,-0.5564960537023276
0,-0.5741507815282738
0,-0.5407078743943797
0,-0.5564960537023276
1,-0.6589828245311113
0,-0.48147520024906937
0,-0.5205037990167544
0,-0.5155654400681607
0,-0.5406179055498124
0,-0.566439802791277
0,-0.5211237259642938
0,-0.5739561899847045
1,-0.6373172199664222
0,-0.5533059203754694
0,-0.5376909662784931
0,-0.5562494122144972
0,-0.5397432669280453
0,-0.5254817773290419
0,-0.4997376116066448
0,-0.48424990792863665
0,-0.49062904851526556
0,-0.5081584758583638
0,-0.5317073998564662
0,-0.4849056251994716
0,-0.5448747306184146
0,-0.5502466219327993
0,-0.5354505230956783
0,-0.5665934159163744
0,-0.5651769450314749
0,-0.4929615008513572
0,-0.5018767676719205
0,-0.5640785380948079
1,-0.5814013743540581
1,-0.6571095892884756
0,-0.5297789369669121
0,-0.5132996046267172
0,-0.5566272404879575
0,-0.5156726733363027
0,-0.5579657430511484
0,-0.5570039742935651
0,-0.5527553295089367
0,-0.5534479338110811
0,-0.5252342796204884
0,-0.5161076263652299
0,-0.5412168513316085
0,-0.48988176141768236
0,-0.49875809479911604
0,-0.49129718563489333
0,-0.5192078222336823
0,-0.5097643216933884
0,-0.5187446675336299
0,-0.5633067394180558
1,-0.6579461185786004
0,-0.5601025986416582
0,-0.47966509448567596
0,-0.48757850073907966
0,-0.5738480284339568
0,-0.4961493777459955
1,-0.6614568371261372
0,-0.48125845696040226
0,-0.5101430038809543
0,-0.5097979648433068
0,-0.47174423467227256
0,-0.4904872617925795
0,-0.5095674350927313
0,-0.47380730226579354
0,-0.4842223054696605
0,-0.5538504770408833
0,-0.5500108937611409
0,-0.5105680650357739
0,-0.5469150661985093
0,-0.5529245471545584
0,-0.5546167325972051
0,-0.561083143313517
0,-0.5091912984455577
0,-0.4937844447091754
0,-0.5071846539912643
0,-0.4830245051210817
0,-0.47743034630587183
0,-0.5147050305268711
0,-0.4939095521725133
0,-0.5574167481646648
0,-0.47620823628390085
0,-0.5498633866990223
0,-0.5570020150739816
0,-0.5411409137435759
1,-0.5910327362993267
0,-0.4950028998772598
0,-0.500275262791633
1,-0.6631938865924958
0,-0.5549251698473946
0,-0.4796297158132255
0,-0.4712498488362808
0,-0.4898412605053667
0,-0.5084038883246723
0,-0.5547903408927404
0,-0.4806016710888876
0,-0.475070461982756
0,-0.5149359712488045
0,-0.5574167481646648
0,-0.4940444521488516
0,-0.5524918758669821
0,-0.5104088458719703
0,-0.5592162048413282
0,-0.5083275449300337
0,-0.5153653048734305
0,-0.5621261325941834
0,-0.5738005636931133
0,-0.5645652096379538
0,-0.5441129134508533
0,-0.5020960493686587
0,-0.4960358361447754
0,-0.5073518895472086
0,-0.4998675008134583
0,-0.5083827374158126
0,-0.5148523927259566
0,-0.5294058075832073
0,-0.5388833547330737
0,-0.5634864599268821
0,-0.5290477400041482
0,-0.54547918617064
0,-0.5375662995365771
0,-0.5297476851051119
0,-0.5117160469083271
1,-0.5982177740955165
0,-0.4984544013445486
0,-0.5677707435996487
0,-0.5434312946020968
0,-0.5338403782455201
0,-0.5127501671785248
0,-0.5461634122829937
0,-0.5647406291011801
1,-0.5833353346798259
0,-0.5767012224427854
1,-0.6010673393125311
1,-0.5833353346798259
0,-0.5327171149273529
0,-0.5435462229747211
0,-0.5244676967474108
0,-0.5293260353214757
0,-0.5746085566098768
0,-0.5618324577279309
0,-0.5366739851482781
1,-0.6713162656231083
0,-0.5436240513069188
0,-0.5747514297985568
1,-0.5978970553580739
0,-0.5601682753166005
0,-0.4970697664977909
0,-0.565826193067555
0,-0.5127363895735695
1,-0.6740507853753153
0,-0.5247334366541037
0,-0.5601382799476187
0,-0.5411109418089288
1,-0.6514593062596103
0,-0.5438804233054597
0,-0.5314441006811469
1,-0.6556320884963998
0,-0.5525302952316211
0,-0.4852743839810442
0,-0.4742605974817321
0,-0.5485367369382714
1,-0.5820504690041773
1,-0.6610853388485934
0,-0.49606631732287965
0,-0.4801793059197251
0,-0.5208283796604259
0,-0.5302844846806024
0,-0.5036545521051627
1,-0.6593801546625315
0,-0.5387847095003866
0,-0.537862850313177
0,-0.4931311552510875
1,-0.6556851564961979
0,-0.5368053092449642
0,-0.5234076489038325
0,-0.4817715970720591
0,-0.4637659925528495
0,-0.4783465416198513
0,-0.5030643611553851
0,-0.506514087820764
0,-0.5030643611553851
0,-0.5544548855301463
0,-0.49025639670792603
0,-0.523506138583964
0,-0.47072238713493464
0,-0.5032778696695605
0,-0.46718452582262915
0,-0.4686710996538019
0,-0.5158212140361764
0,-0.5063129581862356
0,-0.4969361246075275
0,-0.4686710996538019
0,-0.47549298625758085
0,-0.4790863909240322
0,-0.5273162670520982
0,-0.5422842752688901
0,-0.5009421052122606
0,-0.46506759151031773
0,-0.5404927759920958
0,-0.4790863909240322
0,-0.5404927759920958
0,-0.5481494174447843
0,-0.4727442706214917
0,-0.5197722957583435
1,-0.6520014471998322
1,-0.6530347047851354
0,-0.5259670120509489
0,-0.5174818990916362
0,-0.5245907666207874
0,-0.47976037313699726
0,-0.462453506759033
0,-0.46028141021483676
0,-0.543691863498494
0,-0.4797106746600569
0,-0.5021679744452279
0,-0.48883700230421906
0,-0.49520926175160945
0,-0.5439325083177516
0,-0.4905493040677562
0,-0.5392921367132313
0,-0.5210500810851624
0,-0.46318346820593204
0,-0.4728058885264748
0,-0.5396571378562227
0,-0.47250132881817536
0,-0.5085690699715202
0,-0.5092066071406307
0,-0.477483607210501
0,-0.4737665451289089
0,-0.5184650555160001
0,-0.4733809304502945
0,-0.4964307418828785
0,-0.4651591320660221
0,-0.5464711909474633
0,-0.5033576184814613
0,-0.4961867212232191
0,-0.5449612077453408
0,-0.4651591320660221
0,-0.521402735726691
0,-0.4959705548667122
1,-0.6494991795549346
0,-0.5070377584901837
0,-0.540551023504909
0,-0.5403423362686168
0,-0.5535560951935588
0,-0.4955157490056227
0,-0.5739593510123402
0,-0.5040392092849713
0,-0.49402992704989473
0,-0.47987552621025936
0,-0.5202743381554505
0,-0.521402735726691
0,-0.49682212724154257
0,-0.5449612077453408
0,-0.5455790896519204
1,-0.6587602679684699
0,-0.4654012276786853
0,-0.4785834254419969
0,-0.4636976423962746
0,-0.5181665563553705
0,-0.4733324609198888
0,-0.5551341284519309
0,-0.5430444438361902
0,-0.5430444438361902
0,-0.5472371617667815
0,-0.5478051768075818
0,-0.521402735726691
1,-0.6392725776499918
0,-0.5705719072992054
0,-0.5342233157680866
0,-0.541159694262929
0,-0.4978078259191402
0,-0.47761945808896517
0,-0.5720209663607583
1,-0.6489208012921883
0,-0.4733035273068472
0,-0.4733035273068472
0,-0.5365747011159527
0,-0.5193438719526446
0,-0.5008824720086393
0,-0.4638402628282338
0,-0.5427078473275526
0,-0.49746534936125203
0,-0.4895917403972982
0,-0.4782381875033139
0,-0.4832733040575512
0,-0.5028228021366854
0,-0.46755348629867094
0,-0.5441740531195294
0,-0.520201302456474
0,-0.4958511216217702
0,-0.5035317778147456
0,-0.5354094906599118
0,-0.4853794166293865
0,-0.5447536142164137
0,-0.5456487706362351
0,-0.46370952343621646
0,-0.52985848499103
0,-0.5212350666016531
0,-0.4767298955463309
0,-0.47920988156108685
0,-0.5024404516509685
0,-0.5408168304500128
0,-0.5060795057377513
1,-0.6397052470802329
0,-0.5397202159587174
0,-0.46230739203483595
0,-0.5449177830954509
0,-0.5403560025907983
0,-0.496174465180393
0,-0.503948857065776
0,-0.47424988475169044
0,-0.4636531752576918
1,-0.6486208894149674
0,-0.4898772148456036
0,-0.5210393254011784
0,-0.4632503537973032
0,-0.5280800316746291
0,-0.47217728232519013
0,-0.5223360006769243
0,-0.5524304019782943
0,-0.544549223875691
0,-0.544549223875691
0,-0.4963201834891113
0,-0.496174465180393
0,-0.47305628071704997
0,-0.5671752837752404
0,-0.5399409936724435
0,-0.49117821976949905
0,-0.5226895256484445
1,-0.6391828819623525
0,-0.4900735409848109
1,-0.6396154906851843
0,-0.470932801896408
0,-0.5492895613738157
0,-0.5600166334215574
0,-0.5436813001454682
0,-0.47283057234061165
0,-0.4597071433361665
0,-0.5193981209686845
0,-0.5424736478191815
0,-0.4613700168260702
0,-0.47070686957011626
0,-0.5005282672919813
0,-0.5492895613738157
0,-0.5010032710534268
0,-0.4674722965390332
1,-0.645902499976931
0,-0.5311331173806128
0,-0.5251750570471798
0,-0.5362119427224163
0,-0.53837695675185
0,-0.49605544265753043
0,-0.5250762533855428
0,-0.49349776447796995
1,-0.6381773251044103
0,-0.47280957759883363
0,-0.5086397504866046
0,-0.48543237853169174
0,-0.48518278178190527
1,-0.6554168029453941
1,-0.6323499595952171
0,-0.5015260143167085
0,-0.5222899460224025
0,-0.46286417211163966
0,-0.4668274142482992
0,-0.4550864894877014
0,-0.5315329495675161
0,-0.4550864894877014
1,-0.639094976024356
0,-0.4839523063404072
0,-0.49301375642161505
0,-0.44933077657823783
0,-0.5226434398234301
0,-0.45280163791522293
0,-0.5313900843114409
0,-0.4654548387588988
0,-0.4793490907293034
0,-0.513619542030665
0,-0.49297280187278414
0,-0.452370793124868
0,-0.5153260527650007
0,-0.5129169603661603
0,-0.5315329495675161
0,-0.4669252627801821
1,-0.6457834407134743
0,-0.4688579800912885
0,-0.5517473634296998
0,-0.45107903339040994
0,-0.5122347409968349
0,-0.45765703655919543
0,-0.47052403982614593
0,-0.45765703655919543
0,-0.5315114915515932
0,-0.45368280034905406
0,-0.49570287011260433
0,-0.5302744336260999
0,-0.513907533213006
0,-0.5051478417618256
0,-0.5298548710166684
0,-0.47372591980397305
0,-0.5335664411650176
0,-0.5051478417618256
0,-0.5072079645324943
0,-0.5072079645324943
0,-0.5187818722807721
0,-0.49735999919352275
0,-0.5337445204089548
0,-0.5287993724747856
0,-0.5215640488832968
0,-0.5346306568468533
1,-0.6427964446989598
0,-0.5323526226442628
0,-0.4943726048406435
0,-0.5342889373903786
0,-0.517181873446858
0,-0.5082555994345362
0,-0.48266041747953187
0,-0.4903986690285635
0,-0.4652389844624952
0,-0.4598090019246829
0,-0.4718316453886287
0,-0.49212951364754143
0,-0.5301066652233795
0,-0.47658413651878384
0,-0.49623154241321304
0,-0.4784128410720445
1,-0.6381518296332177
0,-0.4735240526474416
0,-0.5358739557248504
1,-0.6395275252511085
0,-0.5262128660852993
0,-0.5221093092188338
0,-0.5221093092188338
0,-0.46173115574305446
0,-0.4552969406728162
0,-0.4820762169659481
0,-0.5227638202982909
0,-0.4622646198395427
0,-0.5509009490786991
0,-0.47252528496640966
0,-0.455968281574065
0,-0.4854554367737402
1,-0.6464158314009074
0,-0.46619160900622836
0,-0.49241626464956145
0,-0.48841510148345185
0,-0.4638884352562245
0,-0.4873842313720853
0,-0.48272286298033196
0,-0.4767153369533856
0,-0.5227638202982909
0,-0.47426749549963454
0,-0.49069874451375084
1,-0.6280609149116863
0,-0.4671819511085865
0,-0.5315802978578487
0,-0.48482621086611166
1,-0.625516458518765
0,-0.44158841878353283
1,-0.6308433763732968
0,-0.5095936927802658
0,-0.4842091356600488
0,-0.5502664358747343
0,-0.45640442707981693
0,-0.47241143795385293
1,-0.6322362463659268
0,-0.4978494691597839
0,-0.4552941185341164
0,-0.44833225563297785
0,-0.46101677668400975
0,-0.4562445527272217
0,-0.46366771038292987
0,-0.4615935716817689
0,-0.5488724859811743
0,-0.525022236750566
0,-0.4880996021613905
0,-0.4759930307227187
0,-0.5179605232081939
0,-0.4702160334931691
0,-0.4893679373105025
0,-0.4474052973919776
0,-0.4708774089736185
0,-0.4539308757057998
0,-0.5034615434386708
0,-0.4483215226269645
0,-0.4421456510551705
0,-0.4456072296024731
0,-0.4923421647800332
0,-0.48687853351973615
0,-0.4708527476548793
0,-0.4863764220917664
0,-0.4660276012730562
0,-0.47214881364218386
1,-0.6272116148259745
0,-0.4859326280028344
0,-0.4390424547691392
0,-0.483608830810858
0,-0.44862495347092923
0,-0.5064931945024375
0,-0.4838322824735429
0,-0.48625973522932925
0,-0.5027101891328122
0,-0.5210187305731653
0,-0.5273459955250367
0,-0.44862495347092923
0,-0.45699703155074184
0,-0.45674233970929357
1,-0.6295865254542011
0,-0.4705023475066847
0,-0.5238365412808568
0,-0.4399302877361656
0,-0.4606203148140063
0,-0.4871427908227391
0,-0.46558859935020386
0,-0.4623688472521011
0,-0.4718731780573793
0,-0.47037669602061877
0,-0.4571351930798716
1,-0.6246705991933065
0,-0.4379382209182898
1,-0.6360636773150471
0,-0.4532592272833159
0,-0.4849180106961031
0,-0.5245199133334224
1,-0.636494174912602
0,-0.45368616039324194
0,-0.4623435732643979
0,-0.5222519992949994
0,-0.45995848978242704
0,-0.45528994533130984
0,-0.46803752091649187
0,-0.4935185570610365
0,-0.4399177592069654
0,-0.4935185570610365
0,-0.5210554297620991
0,-0.4853064789344355
0,-0.4841906873680806
0,-0.4623082989992224
0,-0.5200132795294751
0,-0.4857990094021786
0,-0.5073069103507563
0,-0.46406777498869434
1,-0.6238258836874688
0,-0.5221141207618984
0,-0.4399177592069654
0,-0.5090228642194315
1,-0.636494174912602
0,-0.49425617348673223
0,-0.444699353840776
0,-0.524809344021423
0,-0.4885679060564221
0,-0.5216877772146419
0,-0.4935185570610365
0,-0.4629496316025125
0,-0.48625151429892033
0,-0.4492498515775333
0,-0.460944916694786
0,-0.4598111840565579
0,-0.48549497619573684
0,-0.4666773986562484
0,-0.4679128772284536
0,-0.4527225719499086
0,-0.4880353310792742
0,-0.44268840280238475
0,-0.5065266669955406
1,-0.6250465298933251
0,-0.4681546088488557
0,-0.4586862030732393
0,-0.4866468458440539
0,-0.4866468458440539
0,-0.4423291785351643
0,-0.4404260210537685
0,-0.48606675380260167
1,-0.631896028562026
0,-0.4955105808855864
0,-0.5141767762108909
0,-0.4947710924114439
0,-0.5078331577829642
0,-0.46138313192284136
0,-0.5197049234318879
0,-0.48980790417053205
0,-0.4673189148932454
0,-0.4548259229620063
0,-0.5181125587581659
1,-0.6237791228086665
0,-0.4890301887520695
0,-0.5204677271578337
0,-0.4723910365389399
0,-0.4581386926213178
0,-0.4637195260759649
0,-0.4581386926213178
0,-0.4538603879123305
0,-0.5167122629870695
0,-0.5129415747424287
0,-0.4672533458497987
0,-0.4578474860908353
1,-0.6301882117534761
0,-0.49378530266873316
0,-0.5213203634684386
0,-0.514616805991769
0,-0.45704760381589266
0,-0.4838586205519797
0,-0.4593426201764709
0,-0.45551513534732263
0,-0.5109670009989067
1,-0.6211145718612315
0,-0.4608633870384798
0,-0.4571204203806133
0,-0.49401155708306527
0,-0.5209677645400032
0,-0.48469134865864644
0,-0.4464826133184526
0,-0.45582343493808786
1,-0.6270358883717865
0,-0.4668136936990428
0,-0.4668136936990428
0,-0.4726154496056888
0,-0.5160266467568031
0,-0.5160266467568031
0,-0.48618366830985715
0,-0.5294627928185595
0,-0.49537439998850025
0,-0.4853041458803006
0,-0.5518609730860952
0,-0.4853041458803006
0,-0.4593426201764709
0,-0.5288125541795322
0,-0.47513763282261057
0,-0.49415752576544025
0,-0.5521096654802962
0,-0.5037588833584525
0,-0.49415752576544025
0,-0.471163248249623
0,-0.5158848722134999
0,-0.47148213872185346
0,-0.45874279415677316
0,-0.44586093707134183
0,-0.4942268702368372
0,-0.44586093707134183
0,-0.46176938680017493
0,-0.49000085538002114
0,-0.5239752604680006
0,-0.462196324257742
0,-0.5099332159322316
0,-0.4848512868360193
0,-0.483833780152362
0,-0.4658744531657064
0,-0.5223923169545786
0,-0.4755773469959169
0,-0.5040284626463095
0,-0.45194689026836016
0,-0.45025879725572804
0,-0.480140253943112
0,-0.4406528679120942
0,-0.5116523267164607
1,-0.6210274239049863
1,-0.6231322718790085
0,-0.47183635362834775
0,-0.451023314901036
0,-0.4485462078425532
0,-0.443273715494
0,-0.4535944173446286
0,-0.5171632205449941
0,-0.5069544896909335
0,-0.5071766517294868
0,-0.5214324908415565
0,-0.45946068136988205
0,-0.44890974669111444
0,-0.45843789457544637
0,-0.45117257896620216
0,-0.5236208658801151
0,-0.47825127946171136
0,-0.45117257896620216
0,-0.4530004532308813
0,-0.509053883967982
0,-0.502982383915103
0,-0.47406530419466075
0,-0.5280326811710232
0,-0.4793849015412384
0,-0.4509809165889053
0,-0.45521729043085657
0,-0.4660681548209017
0,-0.5258984007411658
0,-0.5283593292512134
0,-0.4406215305900141
0,-0.4530004532308813
0,-0.5432857855559942
0,-0.525595455521309
0,-0.4578639208810322
0,-0.48894914922706795
0,-0.452833675596115
0,-0.44209732011910147
0,-0.44943263950070983
0,-0.5024739637922536
0,-0.5167212324452971
0,-0.525595455521309
0,-0.44586768009141314
0,-0.5161766049259038
0,-0.45504578785840205
0,-0.522399018548516
0,-0.4704529354605541
0,-0.4868962337083248
0,-0.5150303975969738
1,-0.6237791228086665
0,-0.44202575169981717
1,-0.6248305711469561
0,-0.5207284627306822
0,-0.4411001485513518
0,-0.456018398000516
0,-0.511175644666673
0,-0.4561650884492084
0,-0.5181422525397729
1,-0.6206207024780169
0,-0.5263044076885953
0,-0.48430467412643907
0,-0.45220658595923496
0,-0.45282389485472024
0,-0.45579485107422224
0,-0.460906254903535
0,-0.45766974640647773
0,-0.5410210079375354
0,-0.4817328437422901
0,-0.45007374090124713
0,-0.4618205680655489
0,-0.45344431861036655
0,-0.4883266791580997
0,-0.504574005428862
0,-0.504574005428862
0,-0.47859284658425644
0,-0.5413871792069387
0,-0.45710371362732966
0,-0.5008496960682138
1,-0.6218816922201306
0,-0.5010147786504605
1,-0.6193622696452794
0,-0.46134487086809944
1,-0.618532332462403
0,-0.45814624918363894
0,-0.4986383029339785
0,-0.4591040254613465
0,-0.4448972293777467
0,-0.5141576199126227
0,-0.4808372393837454
0,-0.45165106905408864
0,-0.4642200511160649
0,-0.4569729714591014
1,-0.6276351370658636
0,-0.45144017542237885
0,-0.4699804317072164
0,-0.5145056096313112
0,-0.4579642119511479
0,-0.4517749004715583
0,-0.4575917533417294
0,-0.4517749004715583
0,-0.45109950785449054
0,-0.468480559320121
0,-0.4633574715562257
1,-0.616595631145605
0,-0.518925989169124
0,-0.45795781320972084
0,-0.5119054596373974
0,-0.4504251191400871
0,-0.45618970208118675
0,-0.5196634822742392
0,-0.45219097236093625
0,-0.4515452362199997
0,-0.470776950371197
0,-0.5206048865597933
0,-0.47975608425584915
0,-0.5067783842242939
1,-0.6181139834913828
0,-0.4791626214538706
0,-0.4485754005639709
0,-0.45206151725678034
0,-0.4812757333112212
0,-0.48007412187852383
0,-0.45706856848469274
0,-0.4506772409639094
0,-0.44404735858259264
0,-0.49716038221296344
0,-0.45438977646306566
0,-0.4932019063676282
0,-0.4620938593226721
1,-0.6194210629121288
0,-0.5139947189764948
0,-0.5198779528098877
0,-0.5198557095991514
0,-0.4476618549476497
0,-0.44591574614302454
0,-0.4911057230979611
1,-0.6186987284048072
0,-0.4545791424425043
0,-0.4729379728877902
0,-0.4572628716931508
1,-0.6139745466647851
1,-0.619755401315489
0,-0.4864191978950273
0,-0.5292196204166018
0,-0.4552100045810828
0,-0.48487377669121795
0,-0.4534174793272745
0,-0.45899586004483606
0,-0.4551455228593463
0,-0.47246345189542543
0,-0.518429115155684
0,-0.48192955270715876
0,-0.482220385349037
0,-0.4816499774217782
0,-0.4585155477965941
1,-0.619194439003757
0,-0.5444501546903127
0,-0.49356126891376234
0,-0.4845726266564343
0,-0.4830180128391823
0,-0.4554008490651679
0,-0.45083540262826904
0,-0.47124628525059575
0,-0.4858982793412006
0,-0.492004929211587
0,-0.518429115155684
0,-0.4435366091240667
0,-0.5255700354324464
0,-0.4556633351823778
0,-0.44976428864765
0,-0.44976428864765
0,-0.48315740884303027
0,-0.4483735358521557
0,-0.4957932772702377
0,-0.44359885002924626
0,-0.48133510302377114
0,-0.48504738005306836
0,-0.45764691410250835
0,-0.5103438501564863
0,-0.4569639324846369
0,-0.45516076574685954
0,-0.5187033871377069
0,-0.4832147726081397
0,-0.5176693471513459
0,-0.4917707237498325
0,-0.5177378913794006
1,-0.616827114961214
0,-0.4831106094281809
0,-0.5172634352740267
0,-0.4926044430805863
0,-0.4472169238373125
0,-0.46133223867856527
0,-0.4957932772702377
0,-0.46905139696295745
0,-0.5176268515423942
1,-0.6187855495782958
0,-0.4555307888592486
0,-0.5267544346668152
0,-0.45020423877626453
1,-0.62572884863315
0,-0.44720761399827386
0,-0.4980208215511554
0,-0.5169575829688464
0,-0.4419467847408105
0,-0.45223227529605603
0,-0.4555307888592486
0,-0.5097050763935056
0,-0.5173074677452344
0,-0.5114668284209345
0,-0.45298650151460573
0,-0.4837385839248703
0,-0.4834588361675855
0,-0.5255809765977579
0,-0.44717436875815675
0,-0.4536449389392271
0,-0.4474770231908876
0,-0.45360087123006093
0,-0.5153218327487034
0,-0.5130517101046114
0,-0.4941463909270977
0,-0.5367455337736626
0,-0.446128797266503
0,-0.5367455337736626
0,-0.4626360767861594
0,-0.48017224887783
0,-0.44063102271591115
0,-0.4618007532466696
0,-0.5345795217698124
0,-0.4474082980790872
1,-0.6214123896349618
0,-0.5205242411188032
0,-0.5127766509140744
0,-0.517319217615114
0,-0.5119699552210729
0,-0.48086069562651956
1,-0.622341157113241
0,-0.47965099533338657
0,-0.48381191218878156
0,-0.4994145168470589
0,-0.5186330329123812
0,-0.4802061246688394
0,-0.4602532123062299
0,-0.4510312694482313
0,-0.4469409840577904
0,-0.5159573481530215
0,-0.45326341678305926
0,-0.48381191218878156
0,-0.5113563359851165
0,-0.5110211143698336
0,-0.45209428238391347
0,-0.44976888951842553
0,-0.4433192500730806
0,-0.47197516812585416
0,-0.5079677424378021
1,-0.6174441927596236
0,-0.47250026578397464
0,-0.47250026578397464
0,-0.516762679352124
0,-0.48129555548122915
0,-0.45044689225249585
0,-0.4532067744265248
0,-0.4558307557298404
1,-0.6210544233191595
0,-0.4801167376320396
0,-0.5147548006906792
0,-0.4787209239784475
1,-0.6103084975965789
0,-0.454286970506411
0,-0.44184337253890177
0,-0.4584953008486967
1,-0.6185766605738088
0,-0.46378775813785766
0,-0.4644446646868159
0,-0.5060958459224487
0,-0.46271746135611613
0,-0.4542834292255478
0,-0.5093479955424316
1,-0.6189953226917349
0,-0.49500811102110104
0,-0.5193591468249611
1,-0.6139745466647851
0,-0.5162542158058429
0,-0.5162542158058429
0,-0.4549728961552425
0,-0.45083890089381445
0,-0.5297164268863601
0,-0.46782372823961704
0,-0.5191303205533406
0,-0.49500811102110104
0,-0.4973572688994418
0,-0.49500811102110104
0,-0.4726672019049125
0,-0.5131226797583851
0,-0.4462018725170512
0,-0.4726672019049125
0,-0.47993143585289205
0,-0.45915683039512134
0,-0.4788913093177348
0,-0.5131226797583851
0,-0.5130885350568148
0,-0.498849273503946
0,-0.458133960434984
0,-0.44120688046718753
0,-0.4513950835804155
0,-0.4888306163545144
1,-0.6101616223089212
0,-0.45670566551823377
0,-0.4455185359763777
0,-0.5380327030415561
0,-0.5207749537997034
0,-0.5278922875101117
0,-0.4480954664331622
0,-0.5058299042200206
0,-0.5267162946306904
0,-0.46550185210955175
0,-0.4919960949119841
0,-0.47783790329276116
0,-0.4693404982453142
0,-0.49010741825801063
0,-0.4826726585869106
0,-0.5120822207069033
0,-0.4826726585869106
0,-0.5324997779221208
0,-0.4826726585869106
0,-0.45915524266589935
0,-0.5120822207069033
0,-0.4545618983267374
0,-0.4536199825669826
0,-0.45933587989898916
0,-0.4760816846599377
0,-0.4700544220563072
0,-0.4530662103537853
0,-0.4760816846599377
0,-0.5118744848830342
0,-0.4459365112281403
0,-0.4903283194218524
0,-0.4454185757578044
0,-0.4516128322612417
0,-0.4866905232174519
0,-0.47518276484261385
0,-0.4596999608381925
0,-0.45677638374996427
0,-0.4419674356789706
0,-0.45099326902224335
0,-0.4846082859702309
0,-0.5068590727034354
0,-0.4409376730652036
0,-0.5146941970947777
0,-0.5073135894779325
0,-0.5174972018593611
0,-0.48762352629076905
0,-0.45062532016573603
1,-0.6180266688965107
1,-0.6066034521715712
0,-0.4648638657866551
0,-0.4596228912075933
0,-0.4577030316220239
0,-0.45234411518937506
0,-0.4757655291258472
0,-0.5312804648572406
0,-0.4530635948801978
0,-0.5113154128339247
0,-0.5110539755238733
0,-0.45441713407809026
0,-0.4414240226531234
0,-0.4895891267192965
1,-0.6061931713879894
0,-0.44304990092327323
0,-0.4738300728847102
0,-0.5118476961724353
0,-0.47001924411020085
0,-0.45999851291543553
0,-0.4497359519751708
0,-0.4979446284315305
0,-0.531640043578532
0,-0.5118476961724353
0,-0.5151103823887947
0,-0.5070424913459168
0,-0.47527353632748626
0,-0.507628306188954
0,-0.49668522156009315
0,-0.447129699508561
0,-0.4367933384674248
0,-0.44632004700033157
0,-0.44901576907129165
0,-0.4558270348855085
0,-0.4892988200055479
0,-0.5093673161894283
0,-0.5074234221046137
0,-0.4783877947272437
0,-0.44462111648342584
0,-0.5095402207166647
0,-0.47821695277433324
0,-0.44258541483217356
0,-0.46142191618434286
0,-0.45191345664513904
0,-0.45223794871678874
0,-0.5091241446587078
0,-0.47821695277433324
0,-0.4765089374845996
0,-0.4493832477515614
0,-0.5102002059597633
0,-0.46142191618434286
0,-0.4488215703307154
0,-0.48025859920452785
0,-0.44957315266427944
0,-0.4805836455489998
0,-0.4388294340676127
0,-0.4455519114544993
1,-0.6086228837895048
0,-0.4726592183419561
1,-0.6156319401107002
0,-0.47748043276062674
0,-0.44615069704747273
0,-0.5232785361364838
0,-0.43549628970770976
0,-0.4806284118527766
0,-0.4361721131760616
0,-0.5020304946345245
0,-0.5089022658564798
0,-0.5029479671745919
0,-0.4531966986032235
0,-0.4452145226488832
0,-0.4416614303092458
0,-0.4367596362309472
0,-0.44153750086849974
0,-0.45021484227944075
0,-0.4505288883605389
0,-0.47333755045484194
0,-0.5034715652969459
0,-0.4516601706999689
0,-0.4516054846274028
0,-0.44223321825702394
0,-0.5049738284230282
0,-0.4549093376887496
0,-0.4387958107140876
0,-0.5045755497652353
0,-0.5240606320434074
0,-0.4766053601700309
0,-0.4642890549985427
0,-0.44223321825702394
0,-0.4382197372936231
0,-0.45457212968046773
0,-0.46602596949402797
0,-0.5248223130453714
0,-0.48072083571166546
0,-0.5055615713031446
0,-0.4723329502674537
0,-0.4663413829776469
0,-0.46205805789703386
0,-0.47472532511074206
0,-0.4674582514920517
0,-0.5294621667224626
0,-0.465453840981647
0,-0.5294621667224626
0,-0.5071392942343934
0,-0.5143926982751631
0,-0.5046878653050385
0,-0.4465129088413182
0,-0.4423706428469086
1,-0.6159621720407494
0,-0.5302964243681438
1,-0.6109392941332206
0,-0.44574164352993584
0,-0.4857081544275864
0,-0.4414072884637802
0,-0.43760084158876794
0,-0.4397755046293508
0,-0.4414072884637802
0,-0.5268277693848528
0,-0.43634689311514707
0,-0.4713231063059599
0,-0.4523518088213259
0,-0.4358744217703209
0,-0.4358744217703209
0,-0.5003795823548509
0,-0.4449615795527691
0,-0.4476664872472159
0,-0.4455324950688291
0,-0.4551074172021886
0,-0.4455324950688291
0,-0.5021388331102343
0,-0.47504890908695857
0,-0.4402365865161253
0,-0.44029836433350095
0,-0.5326451178296654
1,-0.6077860268921786
1,-0.6206312948886695
0,-0.4599742514012834
0,-0.4464503080460094
0,-0.440555223377453
0,-0.4464503080460094
0,-0.43777315067490835
0,-0.43862194671072124
0,-0.43777315067490835
0,-0.44528154371536444
0,-0.43777315067490835
0,-0.47667211037811213
0,-0.5063809217256926
0,-0.5297263418415682
1,-0.6104648068183195
0,-0.5072704594423546
0,-0.4449154142129599
0,-0.4372695787279896
0,-0.5072704594423546
0,-0.44528154371536444
0,-0.4790222354173879
0,-0.5277431571966916
0,-0.45256219607473697
0,-0.5277431571966916
0,-0.4620920576189146
0,-0.5010253935955091
0,-0.4799561341759106
0,-0.5086155837456373
0,-0.517274929485284
0,-0.43697382817669495
1,-0.6073749462653364
0,-0.44459624717333596
0,-0.5066533714296289
0,-0.4449154142129599
0,-0.5297112030068859
0,-0.4870168873380628
0,-0.5061317638082966
0,-0.4468236140771722
1,-0.6073749462653364
0,-0.45620295695057655
0,-0.5066052694557216
0,-0.4409038470851313
0,-0.5066052694557216
0,-0.4643223503292225
0,-0.4409471270800864
0,-0.4643223503292225
0,-0.4819751927425623
0,-0.5080274015865882
0,-0.5083712422800205
0,-0.4731139362527753
0,-0.4409038470851313
0,-0.47951107094989187
0,-0.48320403896143405
0,-0.4731139362527753
0,-0.5099929980744444
0,-0.47341591967220326
0,-0.5062626231912224
0,-0.482439081426678
0,-0.45650434509243265
0,-0.44081032073161325
0,-0.44667317470594203
0,-0.44081032073161325
0,-0.4391181303452727
0,-0.44667317470594203
1,-0.6101644358260789
0,-0.5087274945489255
0,-0.504379656108253
0,-0.46490442024708084
0,-0.4471374749179278
0,-0.45989301505431784
0,-0.447991594996077
0,-0.5107136754649668
0,-0.4798187278907883
0,-0.4477429386669977
0,-0.5033401633492385
0,-0.4565684057428331
0,-0.5066872939490835
1,-0.6169447117264771
0,-0.5040385151539937
0,-0.4744034704451983
0,-0.4397339880946424
0,-0.4431519137487588
0,-0.4815644441489353
0,-0.529438534382412
0,-0.5020794370898467
0,-0.47414658041456054
0,-0.4602895283338654
0,-0.5321236474002642
0,-0.5033837734313273
0,-0.4500580595250387
0,-0.44355188854095134
0,-0.4484110829251151
0,-0.4552967408297125
0,-0.5055290979943606
0,-0.5108146818072591
0,-0.5323410134186819
0,-0.44578166476588993
0,-0.4744700428561637
0,-0.46528521455072025
0,-0.5045372365195929
0,-0.44355188854095134
0,-0.44972121515097324
0,-0.4615146873007497
0,-0.4435211759440166
0,-0.5266299930062028
0,-0.4806497392030797
0,-0.48051682296777887
0,-0.5140011026193163
0,-0.44322119707816937
0,-0.447774393316479
0,-0.4397280026050012
0,-0.4788164972533501
0,-0.4641944053444145
0,-0.4788164972533501
0,-0.5338581630223502
0,-0.5088968505731342
0,-0.49259812315192875
0,-0.47750424300005306
0,-0.44671078080753557
0,-0.4602586231769993
1,-0.6227155884568727
0,-0.511729384313531
0,-0.5218216976774612
0,-0.46317546185855024
0,-0.4633602699835148
0,-0.5148942269322614
0,-0.4474003292506678
0,-0.4483524276324441
0,-0.5092761486613309
1,-0.6181361885671046
0,-0.45281760365362156
0,-0.45194958172417143
0,-0.4822724498277964
0,-0.4821183025971889
0,-0.5057574998117889
0,-0.45125261070427347
1,-0.6096041874303316
0,-0.4497396246618877
0,-0.5070084602718007
0,-0.4632952563735245
0,-0.4444531062723484
0,-0.5150191283217888
0,-0.4449450810265148
0,-0.5087975421840203
0,-0.509515012491436
0,-0.44209165569724745
0,-0.46812139379924755
0,-0.5239443477477161
0,-0.4500440152989375
0,-0.5105298582237797
0,-0.4659783293680292
0,-0.4822724498277964
0,-0.46175003970026895
0,-0.5372204481586997
0,-0.4500440152989375
0,-0.46850396081403295
1,-0.6214914638764486
0,-0.509421051973032
0,-0.4659783293680292
0,-0.46808880198830477
0,-0.4610660385960723
0,-0.48165017387523157
0,-0.5090031136388339
0,-0.4529834897609154
0,-0.5090031136388339
0,-0.4659783293680292
0,-0.5251335692790536
0,-0.5247783912603372
0,-0.5085474034542249
1,-0.6096041874303316
0,-0.4585472729665194
0,-0.5407404239970728
0,-0.46326300057063574
0,-0.4804762985590341
0,-0.4804762985590341
1,-0.6123559787558394
0,-0.46696646312982726
0,-0.44540669428222235
0,-0.4516494112946974
0,-0.5066000609685658
0,-0.518288436454051
0,-0.5066000609685658
0,-0.46600669915544796
0,-0.44649645595487447
0,-0.4465922371021343
0,-0.5120103949677919
0,-0.4641121402126124
0,-0.5185144075789693
0,-0.4541780158983873
1,-0.6091064019819851
0,-0.4517135893555722
1,-0.6097895766369225
0,-0.45849069178405566
0,-0.46062572742048064
0,-0.4766380625144221
0,-0.5062155910939867
0,-0.45176305248099485
0,-0.46414657217568944
0,-0.510601907016063
0,-0.46937143414600835
0,-0.4839620603146198
1,-0.6228416131249035
0,-0.519464820493165
0,-0.5346440848502408
0,-0.482156636163236
0,-0.5208725757246063
0,-0.5284376876826572
0,-0.505246210693279
0,-0.44047847316416244
0,-0.48191923175509355
0,-0.482156636163236
0,-0.46449830791127483
0,-0.45760458888411376
0,-0.44137344626780556
0,-0.46785544921646816
0,-0.4626343517964622
0,-0.4818855211369489
0,-0.45807482224670576
1,-0.6232631618277619
1,-0.6088795408456195
0,-0.4659758440834633
0,-0.51088359080875
0,-0.5344296229189875
0,-0.45150160070737094
0,-0.5077304188454864
0,-0.4627633750875936
0,-0.4659758440834633
0,-0.5440008646445263
0,-0.45404426560350347
0,-0.44161727979140775
0,-0.45749596595248115
0,-0.5050855778394372
0,-0.5299694651366127
0,-0.4581154560159807
0,-0.5153951211185314
0,-0.4539563604325995
0,-0.44131858863996865
1,-0.6110233738467588
0,-0.5135707256717337
0,-0.4668143082153258
0,-0.4583191716246065
0,-0.4845837380158666
1,-0.6110233738467588
0,-0.4440445660268634
0,-0.5444454433148979
0,-0.48601625818685573
0,-0.4846507397029564
0,-0.48537321345997975
0,-0.5101692407486266
0,-0.5192237556734245
1,-0.6160486091969062
0,-0.4581750514559123
0,-0.4898763160673071
0,-0.45476918535501354
0,-0.5105145310714694
1,-0.6152155528417482
0,-0.47131809392202917
0,-0.5189974754111235
0,-0.4572016820738814
0,-0.44782786724354645
0,-0.47131809392202917
0,-0.510834976917167
0,-0.4969994194624265
0,-0.4660566741607788
0,-0.5199268306321357
1,-0.6229290156639201
0,-0.5200519850174954
0,-0.5278377894401095
1,-0.6152155528417482
0,-0.5193617270215546
0,-0.45515138848950537
1,-0.6080636503795601
0,-0.46076750541087785
0,-0.45916398927379176
0,-0.4539748192476911
0,-0.45561460142894467
0,-0.4503040396452085
0,-0.4663335509110194
0,-0.47016641454624514
0,-0.4984253544418247
0,-0.46664917257043226
0,-0.5136635659638958
0,-0.489401966499889
0,-0.44727178173627913
0,-0.5065760037280543
0,-0.4982522588808073
1,-0.6063374289897037
0,-0.4567730234688072
0,-0.5038304647262141
0,-0.47120332809282317
0,-0.5395027202244916
0,-0.4506729279725247
0,-0.44611223780073855
1,-0.620753003252516
0,-0.4627175779661163
0,-0.4928020851334873
0,-0.4603836656127678
0,-0.4593478416238497
0,-0.5391273486501345
0,-0.45510553603240345
0,-0.45510553603240345
0,-0.4551057651634883
0,-0.5279484741194534
0,-0.46724558456097803
0,-0.4752455550684171
0,-0.48921921133690693
0,-0.4955306913313125
1,-0.620753003252516
0,-0.5152372328257593
1,-0.605720792532013
0,-0.512108499913731
0,-0.45513067028544235
0,-0.5131940000338268
0,-0.5293137705766767
0,-0.46674019314381343
1,-0.6202461139981311
0,-0.45513067028544235
1,-0.6148779789390735
0,-0.5110700973151032
0,-0.46623393656434337
0,-0.4565388005020886
0,-0.48604430863134634
0,-0.45482283925123324
0,-0.45485475653765706
1,-0.606892494133511
0,-0.4956547609546574
0,-0.5171413904214702
0,-0.5278815368493592
0,-0.4715275059188116
0,-0.4885456390289682
0,-0.523699422242911
0,-0.4712085847621381
0,-0.460861123475341
0,-0.5064765378398396
0,-0.45571902410978476
0,-0.4547133827458571
0,-0.5171413904214702
0,-0.4491825797237067
0,-0.5409699590934536
0,-0.44567277341767575
1,-0.604059585761844
0,-0.4836843375237573
0,-0.4833571940030683
0,-0.5409699590934536
0,-0.4712085847621381
0,-0.523699422242911
1,-0.6208401126996744
0,-0.4732865881453217
0,-0.47936436685042627
0,-0.49653673034068074
0,-0.4602652953462241
1,-0.606071819203663
0,-0.49589645141620486
0,-0.4787659385608615
0,-0.45532672148306
0,-0.4608789408822577
0,-0.4501671937899907
0,-0.4608789408822577
0,-0.4897618031256405
0,-0.4710597149107852
0,-0.5415474755898624
0,-0.461963236440025
0,-0.48635084259303213
0,-0.46108616509819433
0,-0.4897618031256405
0,-0.4501671937899907
1,-0.6187334949024362
1,-0.6054889269001762
0,-0.4687753290429177
0,-0.4705296905354104
0,-0.48748647697644926
0,-0.4864232693430232
0,-0.4864232693430232
0,-0.45954999353790205
0,-0.44713841148962097
0,-0.45431238390900697
0,-0.4552767593166898
0,-0.4868207933625183
0,-0.45843545243189004
0,-0.4867483074225695
1,-0.6216346735501116
0,-0.45651787351525397
0,-0.46759550350773904
0,-0.48832196666713784
0,-0.5096512332527926
0,-0.48763899776287273
0,-0.4881101932500816
0,-0.4881101932500816
0,-0.49748148885943005
0,-0.46759550350773904
0,-0.4893686394384812
1,-0.613316482934947
0,-0.5145017614255225
0,-0.5250475733198302
0,-0.4769479865314189
0,-0.5387665427332933
0,-0.455936528913971
0,-0.468232081164259
0,-0.4619481055217941
0,-0.46723063835613876
0,-0.49748148885943005
1,-0.6137315848844229
0,-0.4750355384374525
0,-0.5568699683610456
0,-0.5177828928679461
1,-0.6057468897263528
0,-0.5153002989587067
0,-0.4784768846043141
1,-0.6087397287811039
0,-0.46127673190875473
0,-0.5063608516380628
0,-0.5063608516380628
1,-0.6050126526609393
0,-0.4798406070448213
0,-0.46530222335954835
0,-0.48036382107947817
0,-0.4792771330634237
0,-0.4926720687756834
0,-0.4792771330634237
0,-0.47379968045398746
0,-0.45163854216716026
0,-0.48442040302177103
0,-0.5063608516380628
0,-0.4730556264034295
0,-0.4693855560143091
0,-0.4614522318455742
0,-0.5217546928627756
0,-0.4671754865921539
0,-0.4989696790636881
0,-0.46146593289057747
1,-0.6041097458399516
0,-0.4792771330634237
0,-0.48184016896236764
1,-0.6041097458399516
1,-0.6091517331135674
0,-0.4842637804270994
1,-0.6220554053778584
1,-0.6038953482283714
0,-0.516954373752045
1,-0.6233193101784489
0,-0.4690633250934274
0,-0.4694249132929386
0,-0.5274236802568736
1,-0.6030787262115669
0,-0.4829381374009954
0,-0.4710046029990264
0,-0.4710046029990264
0,-0.4551521698553576
0,-0.5191504783512993
0,-0.46480528625671524
0,-0.4551521698553576
0,-0.4751224072345726
0,-0.4759659925834564
1,-0.6233193101784489
0,-0.4691633654105986
1,-0.6154957034161346
0,-0.48494336508426356
0,-0.5179581826464953
0,-0.4557720705085963
0,-0.45388613918160864
0,-0.52803429407452
0,-0.5215240915255116
0,-0.48540516041978443
0,-0.4690809602770151
0,-0.5441078260721457
0,-0.47486015071453197
0,-0.4553182358744807
0,-0.4637094741124635
0,-0.5098627683494756
0,-0.5255101759920747
0,-0.5255101759920747
0,-0.47025828515496954
0,-0.5255101759920747
0,-0.48180742494420287
0,-0.4989299330220412
0,-0.48678387862493433
1,-0.6092865272879797
0,-0.47853785332680265
0,-0.4636379818503414
0,-0.4641033733352825
0,-0.5610438115091926
0,-0.5610438115091926
0,-0.47770601313414507
0,-0.5210032631540062
0,-0.4641033733352825
0,-0.46843514072404335
1,-0.6000247371420244
0,-0.47710027644989894
0,-0.5212884339125743
0,-0.46485846092286304
0,-0.47082227794959314
0,-0.5095179188512264
0,-0.553040524112265
0,-0.4591506247676412
0,-0.4659566672922094
0,-0.54251722407314
0,-0.475583391671765
0,-0.4730691675331492
0,-0.49962225803866966
0,-0.4741905062027765
0,-0.5206163421392479
0,-0.5387221983272853
0,-0.51905923457007
0,-0.4650345191955196
0,-0.4659793857719856
0,-0.5398167850260971
0,-0.5097063759810356
0,-0.5625456229419025
0,-0.5076276270456747
0,-0.45791652026375324
0,-0.5097063759810356
0,-0.47373284158485485
0,-0.4881030681536207
0,-0.5097063759810356
1,-0.6000247371420244
0,-0.48514677762216646
1,-0.6191321619904344
0,-0.48405763628745435
0,-0.5335936286442867
1,-0.607228835134646
0,-0.4959965387458606
0,-0.4771388937747959
0,-0.5215894743848853
0,-0.47266654167599836
0,-0.5250818693532449
0,-0.5220646031801136
1,-0.6080510767665545
0,-0.49544505624853946
0,-0.5216324896050202
0,-0.5223388262028437
1,-0.6088744317864678
0,-0.5230662169518298
0,-0.5219855384295176
0,-0.5088937385270449
0,-0.5206855087667005
0,-0.46815510171098845
0,-0.4701484217441696
0,-0.4742295399237257
0,-0.5196818711599395
0,-0.4701484217441696
1,-0.6084626150088317
0,-0.4764939040943557
0,-0.507817426338635
1,-0.602724272049437
0,-0.46169351039098094
0,-0.4826714319121847
0,-0.5203646229144814
0,-0.4709322924596798
0,-0.5222533350987951
1,-0.6294351738947047
0,-0.49411318910903645
0,-0.5425271408306606
0,-0.5113965145170629
0,-0.5442810868614735
0,-0.49954960077157906
0,-0.4719208446627346
0,-0.524646787502269
0,-0.5200126704083207
0,-0.5078123592547575
0,-0.46169351039098094
0,-0.46639925359338635
0,-0.4709639305878326
1,-0.6023757144421464
1,-0.6130072266453054
0,-0.5250018764495549
0,-0.4979833444175589
0,-0.5253848091282051
0,-0.46196066389904117
0,-0.5645416485293405
0,-0.47089452620980005
0,-0.5102163495944718
0,-0.46992771218298407
0,-0.47153965046363006
1,-0.6121782830225281
0,-0.5020226710337886
0,-0.4740379047543114
0,-0.48306820238720466
0,-0.5203646229144814
0,-0.48306820238720466
0,-0.47153548751774066
0,-0.544104780870691
0,-0.48306820238720466
1,-0.6217176699268157
0,-0.5356445797673598
0,-0.46768592346220045
0,-0.47083177891570566
0,-0.5356445797673598
0,-0.5112530175311495
0,-0.5067686930977217
0,-0.5253848091282051
0,-0.46768592346220045
0,-0.4883920970586313
0,-0.47718147981944226
1,-0.6234025314762235
0,-0.49869622288548693
0,-0.5260645982363255
1,-0.6077826302031981
1,-0.6339743342391891
0,-0.4664418673820028
0,-0.5060365827385226
0,-0.5258730422945409
0,-0.49766612889608147
0,-0.5060918606586968
0,-0.4730035124498989
0,-0.4667755882266154
0,-0.543073350269383
0,-0.4674930182341442
0,-0.5254667824573395
0,-0.5170781774295191
0,-0.47509319894280216
0,-0.5039300256477152
0,-0.4729265732647068
1,-0.6081939867567472
1,-0.6055600502299053
1,-0.6073354869970224
1,-0.6060189507636533
0,-0.5193830010668787
0,-0.47739345180094706
0,-0.5101216853628348
0,-0.4778105730010065
0,-0.47739345180094706
0,-0.47270141087669293
0,-0.4778105730010065
0,-0.4778105730010065
0,-0.5135980781750844
0,-0.5438254879255507
0,-0.4917314882662989
0,-0.48342693536603
0,-0.5293361818294419
0,-0.5064939266852126
0,-0.46979627478855934
0,-0.5037123163150437
0,-0.47715331522897214
0,-0.5201523238112882
0,-0.493242773483451
0,-0.5120486463868611
0,-0.5036045928513694
0,-0.5524048987224174
0,-0.5256970351892215
0,-0.4632098908251557
0,-0.46870267064289295
1,-0.610887057927259
1,-0.6114264559099152
0,-0.5075163387732893
0,-0.4807411733545295
0,-0.5109205543808167
0,-0.47112931955481296
0,-0.5204266733417098
0,-0.5140137582833084
0,-0.5279512287841682
0,-0.5208666081757576
0,-0.48065401997509793
0,-0.5286583058647704
0,-0.5110992532866921
1,-0.6110129130516685
0,-0.5332814785169833
1,-0.6115617534390168
0,-0.5402076790243687
0,-0.5402076790243687
0,-0.4803171329944262
1,-0.6204516498475487
0,-0.46347950356053574
0,-0.49429580867526196
0,-0.47142467819642864
0,-0.5334821737104141
0,-0.5440898228109925
0,-0.5307841081802046
0,-0.5422300639177027
0,-0.5440898228109925
0,-0.5002924450320392
0,-0.4950694048622857
1,-0.6119756677608081
0,-0.46526278750564554
0,-0.5211544262075818
0,-0.5432778358052904
0,-0.5149273985646567
0,-0.5333114574894684
0,-0.5149273985646567
0,-0.47523490766804505
0,-0.5571605515527174
0,-0.47083214678182167
0,-0.5086027350148279
0,-0.47742812501245696
0,-0.46535704223476204
0,-0.46535704223476204
0,-0.4974581151498154
0,-0.47924383970463597
0,-0.5161277450288582
0,-0.48272904334354955
0,-0.5435277461120962
0,-0.5446587350135621
0,-0.47337418339201914
0,-0.5056536024873137
0,-0.510874849170895
0,-0.5321451063218953
0,-0.5300413092268165
0,-0.47696262409945095
0,-0.4687169354772787
1,-0.6151609595384191
0,-0.47275919564381746
0,-0.481598328670473
0,-0.5450087503592034
0,-0.48419579754734415
0,-0.5295079032007846
0,-0.5450087503592034
0,-0.546742959651811
0,-0.5446587350135621
0,-0.5315523084218998
0,-0.4917242923006215
0,-0.4731263865273534
0,-0.48410019496249806
1,-0.6096348768840953
0,-0.48094708371619027
1,-0.6096348768840953
1,-0.6100474870664471
0,-0.47884439846355087
0,-0.5149273985646567
1,-0.6104603765096629
0,-0.547574052267688
0,-0.5361301562767705
0,-0.5354522021370809
1,-0.6246976030570969
0,-0.4682868463540829
0,-0.5019916270509969
0,-0.4910789890954679
0,-0.5024529567746023
0,-0.475781700584665
0,-0.4762427676370924
0,-0.5155021369946845
0,-0.5354522021370809
0,-0.5615291003818854
0,-0.5479446587374359
0,-0.47140442086679346
0,-0.5216207424903966
0,-0.47676110495067053
0,-0.4745764374473024
1,-0.637256237847721
0,-0.5339149219712273
0,-0.5023169304010674
0,-0.5619091518410285
0,-0.46794711888413276
0,-0.4676383487575445
1,-0.6124430759324069
0,-0.4710855829596158
0,-0.552244245201157
1,-0.6120288454756014
0,-0.5447412846252042
0,-0.4784430904345281
0,-0.5357835413482805
0,-0.5132531297526023
0,-0.46814357638672716
0,-0.5053030062102106
0,-0.46814357638672716
0,-0.5049819880372779
0,-0.5182698099315685
0,-0.5172665907291606
0,-0.4881862053567144
1,-0.6263905402572283
1,-0.6211529960826695
0,-0.5600317473307035
0,-0.5016286357227994
1,-0.6398484489498241
0,-0.4840139511176152
0,-0.46823367412941824
1,-0.6411189954283848
0,-0.5072261322425513
0,-0.5496874427780534
0,-0.5496874427780534
0,-0.5173368229834402
0,-0.5145045775173243
0,-0.5166360789780469
0,-0.5330970596053736
1,-0.6282655244132783
0,-0.46883830439290775
1,-0.6406853697988704
0,-0.5027435946710196
0,-0.5405533904534656
0,-0.48367130674760295
0,-0.5405533904534656
0,-0.46731314925391426
0,-0.4831384567469706
0,-0.47081148934706746
0,-0.48787780518580665
0,-0.46872299499811904
0,-0.533072098711144
0,-0.4814920604570457
0,-0.4821538782391054
0,-0.4697908995773559
0,-0.47664426225246653
0,-0.5183035108338349
0,-0.5630052796376573
0,-0.5056198318688052
0,-0.5371471255597954
0,-0.4778805170593948
0,-0.502964314918448
0,-0.5021730559056693
0,-0.5333605430946087
0,-0.5149549536214035
0,-0.5042732863104028
0,-0.5628617965468663
0,-0.5062514883029698
0,-0.5149549536214035
0,-0.501516729558658
0,-0.534617309889626
0,-0.4908544533341726
0,-0.48198090976750413
0,-0.5200891507087213
0,-0.5049595733982355
1,-0.636825224823198
0,-0.519896066927068
0,-0.48431624165471077
0,-0.4919208022863145
0,-0.5156469694601071
0,-0.4719104208567761
0,-0.47835267386349883
1,-0.6253929572439225
0,-0.5160080803682346
0,-0.4827542748967298
0,-0.5373827801341581
1,-0.6406853697988704
0,-0.4838370473650308
0,-0.46919411650680204
1,-0.6429986871883491
0,-0.4828406223670635
0,-0.5209235831758127
0,-0.5627584735834158
0,-0.5162386856178296
0,-0.5170191001384582
0,-0.48481176121564856
0,-0.48599106095244277
0,-0.5067069904241871
0,-0.4767730799059007
0,-0.4756940853009168
0,-0.5208698027004627
0,-0.4864842861924919
1,-0.6262572700246342
0,-0.482562480698839
0,-0.5330806338572797
1,-0.6274639791234687
0,-0.5065156252491101
0,-0.48217997721172084
0,-0.5163095931115842
0,-0.478390122456749
1,-0.6233542924849317
0,-0.472220780975851
0,-0.5495144415927622
0,-0.5434694654657973
0,-0.5207030153359672
0,-0.536035506490836
0,-0.5346581699207008
0,-0.4867250501919117
0,-0.5535494701948174
0,-0.5495144415927622
0,-0.4861712290342184
0,-0.5177983604369236
0,-0.55019156476707
0,-0.48346730282980943
0,-0.4739144789494012
0,-0.5505639428091977
0,-0.48431935571848606
0,-0.5088881671170371
0,-0.5483884867263223
0,-0.5357241442961632
0,-0.5500407018262707
0,-0.5333579654245788
0,-0.5252928646723223
1,-0.6291012686897162
0,-0.47855659462820876
0,-0.4921829870497858
0,-0.4921829870497858
1,-0.6275074728523826
0,-0.5073022130502598
1,-0.6273129752413475
0,-0.4839685156980151
0,-0.5151762309134116
0,-0.488834764033415
0,-0.5501477987202483
0,-0.5497757021402887
0,-0.5063758369570961
0,-0.5485395399405316
0,-0.5049413661711841
1,-0.6244627925922585
0,-0.534880263872377
0,-0.5209080026594713
0,-0.4830019551846911
0,-0.47587431995709045
0,-0.482647295254055
0,-0.482647295254055
1,-0.6205038758732232
0,-0.48077125497600837
0,-0.4875135969602185
0,-0.4786871771496964
0,-0.48218827732421665
0,-0.5053490584813098
0,-0.510923386595069
0,-0.4809041337004493
0,-0.5206907196903406
0,-0.545532711721264
0,-0.47173985369635524
0,-0.5206907196903406
0,-0.4930185244066394
0,-0.534518493603846
0,-0.4765186959398912
0,-0.5039037094791549
0,-0.4865297699472621
0,-0.4838271344636829
0,-0.507081128254773
1,-0.6200841934340655
1,-0.6245504226292437
1,-0.6193325778563084
0,-0.49122856177355717
0,-0.4760057177724242
0,-0.47776633500568283
0,-0.5311474313460338
0,-0.47496466197075937
0,-0.46990391589951075
0,-0.5228087692035192
0,-0.4889416394490707
0,-0.5573355512745635
0,-0.47532494369054995
0,-0.48490894962111
0,-0.4854116029480188
0,-0.4711773605482827
1,-0.6297147574164909
0,-0.47746042781050707
0,-0.5162680568586041
1,-0.6309942246440411
0,-0.47866544130123817
0,-0.5352531456822596
0,-0.532633593739138
0,-0.5135262182210232
0,-0.5480276292864005
0,-0.48277987536250966
0,-0.48277987536250966
0,-0.5087462827719531
0,-0.5370560331720055
0,-0.49848731803852786
0,-0.4840986975140845
0,-0.5660468252591051
0,-0.4817840001814464
0,-0.5246675138764766
0,-0.4859279775907792
0,-0.5325780835373666
0,-0.4896163169611053
0,-0.4895083356878409
0,-0.5061137979556318
0,-0.4795081662936249
0,-0.5061137979556318
0,-0.4786289204935759
1,-0.6217646282446696
0,-0.4776249088169967
0,-0.5596026634938022
0,-0.48555850452320043
0,-0.5162413893440132
0,-0.5350599168295838
0,-0.49714006313880565
0,-0.48211007894056374
0,-0.48691529592015725
0,-0.4795081662936249
0,-0.4885313229190103
0,-0.47510761214249964
0,-0.48015496636641236
0,-0.5049659977336662
0,-0.5588834711402783
0,-0.49066503743557205
0,-0.4797628854717322
0,-0.4809916246321064
0,-0.5180155339146195
0,-0.5505471229922243
0,-0.5053077664222807
1,-0.6247163546397945
0,-0.5187697634027607
0,-0.5343138277145648
0,-0.5096746571876136
0,-0.4784570638688534
1,-0.6233116895369727
0,-0.5209147373782482
0,-0.522720080226521
0,-0.4839334190651644
0,-0.5339677801070499
0,-0.5069999875563779
0,-0.5343138277145648
0,-0.5238553951682261
0,-0.51958756856617
0,-0.48064226863917997
0,-0.481405661069156
0,-0.5700768289179898
0,-0.5062339721743898
0,-0.4869426957111867
1,-0.6264652925292558
0,-0.5466541560725281
0,-0.5265846991316804
0,-0.5072625486357817
0,-0.5377832546140566
0,-0.5594506738243613
0,-0.4874170330180121
0,-0.5227206262694333
0,-0.5265846991316804
1,-0.6260415780413386
1,-0.6273135820284675
0,-0.5270631095422907
1,-0.6277154996057086
0,-0.5297807910016632
0,-0.49658136841376543
0,-0.5226735402299076
0,-0.5233323552434397
0,-0.5083260462739037
0,-0.5575899248752595
0,-0.5011162692776768
0,-0.536062053631668
1,-0.649425919132316
0,-0.5552196675705869
0,-0.5090497182033376
0,-0.4974575714754437
1,-0.636000666609883
1,-0.6489866750528007
0,-0.49336371278779784
0,-0.5165765890770011
0,-0.5165765890770011
1,-0.6333751685373165
0,-0.5670341228970737
0,-0.5636044008284962
1,-0.6333751685373165
1,-0.6270930831146517
0,-0.5710249325080335
0,-0.5216545428523616
0,-0.5238557250061264
0,-0.5077871107929486
0,-0.528088747946742
0,-0.568457950992586
0,-0.5216545428523616
0,-0.5342307769482312
0,-0.5436709645448123
0,-0.5290461475032228
0,-0.49987001519788626
0,-0.5642468759700423
0,-0.5436709645448123
0,-0.5330256600495907
0,-0.5021761567829424
0,-0.5625180357146536
0,-0.5390043382587263
0,-0.5021761567829424
0,-0.514699379255981
0,-0.48893324509432506
0,-0.514699379255981
0,-0.5217044025347116
1,-0.6338038465111276
0,-0.5436709645448123
0,-0.49177940459161523
0,-0.5424598212904406
0,-0.5031765448807715
0,-0.5523281145011064
0,-0.5313609382291461
0,-0.5333903298138604
0,-0.5035116981673504
0,-0.5414498273101648
0,-0.5263581048653786
0,-0.5639510481160617
0,-0.561433764603553
0,-0.5685171372958422
0,-0.48541925775955835
0,-0.5639510481160617
0,-0.524680568532906
0,-0.5395332034246489
0,-0.5018721071036337
0,-0.5506129434833565
0,-0.48650304726157007
0,-0.52592829580136
0,-0.5158485421188311
0,-0.48654496751335835
0,-0.5222659738512961
1,-0.6254610200221895
0,-0.5685171372958422
1,-0.6298464945792498
0,-0.521173427225882
0,-0.521173427225882
1,-0.6417093994586449
0,-0.5710596135911082
0,-0.5455611705704676
0,-0.5452530908267106
1,-0.6577727814992473
0,-0.5098516875274038
0,-0.570934625597598
0,-0.5478503627724308
0,-0.5727054091125607
0,-0.50499107827046
0,-0.5377161622303852
0,-0.4924809069620098
0,-0.4992406970456687
0,-0.569878907968727
0,-0.5421985800774527
0,-0.5578141035385843
0,-0.5578983435431025
0,-0.5706505744907467
0,-0.4987321607114891
0,-0.5054664448801666
0,-0.503103288522277
0,-0.48985977273168596
0,-0.5469493210469357
0,-0.5677460666545204
0,-0.5020571464294286
0,-0.5582759376506438
0,-0.5675690531104294
0,-0.5703708224540978
0,-0.4953010438862709
0,-0.5023969463631167
0,-0.49203772556934194
0,-0.5084912990849193
0,-0.5276485697500621
0,-0.5202227167954329
1,-0.6406226471180436
0,-0.4973957891498914
0,-0.4973957891498914
0,-0.5470790845379525
0,-0.5072809679820185
0,-0.5096266012448627
0,-0.523126278589796
0,-0.5461205990004435
0,-0.49591155209396476
0,-0.49640689632850193
0,-0.5602800362339142
1,-0.6432285519950625
0,-0.5099715243010134
0,-0.49809925241655306
1,-0.6446259236349624
0,-0.5023762167149523
0,-0.49964631368262474
0,-0.5706505744907467
0,-0.5444041185960998
0,-0.5289302119763328
0,-0.5124952452755619
0,-0.5272778640258805
0,-0.5339768008894945
0,-0.5283491978939346
0,-0.5045316989355113
0,-0.49465371515382395
0,-0.5038594308340086
0,-0.5265047728282057
0,-0.5686696764598891
0,-0.4916182710124182
0,-0.5696627467120687
0,-0.49707907523851247
0,-0.5467245234973256
0,-0.4919510057560185
0,-0.5717057397969674
0,-0.5728673431249147
0,-0.5445095843473942
0,-0.5445095843473942
1,-0.6331125018567888
0,-0.530514516120823
0,-0.5127004061466577
0,-0.5496500723871097
0,-0.5074683163885555
0,-0.5713787933295126
0,-0.5111211279713401
0,-0.5277034613132396
0,-0.5122238685303989
0,-0.508497727066231
0,-0.5528115361702491
0,-0.5100741035065771
0,-0.49381824160677296
0,-0.5396053535550522
0,-0.5091132767892497
0,-0.520081363497548
0,-0.5687492921085777
0,-0.5199428877328429
0,-0.5687492921085777
0,-0.5077979768060026
1,-0.6452839307880798
1,-0.6626864844978211
0,-0.5629398745336291
0,-0.5037185134548914
0,-0.5805464733200152
0,-0.5022825780702289
0,-0.5442809400009435
0,-0.5103274585172847
0,-0.5455406061043282
0,-0.500508425464792
0,-0.5473146375427269
1,-0.6470876476922792
0,-0.5101683801236708
0,-0.49878322473984865
0,-0.5781478087558355
0,-0.5037185134548914
0,-0.5005852016579041
0,-0.542558951267329
0,-0.5022575263254152
0,-0.5008471772005114
1,-0.6622382715357031
0,-0.5743240562683714
0,-0.5361545049177244
0,-0.506192412645131
0,-0.5536132346623827
0,-0.5719039908568871
0,-0.5369558453412602
0,-0.5212518495591958
0,-0.535646861458964
0,-0.5144866693899619
0,-0.5324608004999946
0,-0.5808527772170045
0,-0.5429603178678513
0,-0.541774292725258
0,-0.5324608004999946
1,-0.6378419873057269
0,-0.550449936890535
0,-0.516329275045214
0,-0.5808527772170045
0,-0.5042224224833536
0,-0.5442790803073413
0,-0.5421409738292943
0,-0.5464359036974895
0,-0.5275873636471329
1,-0.6509846382702937
1,-0.5816393033300663
0,-0.5097047259530767
1,-0.639073822089962
0,-0.5049051843080875
1,-0.6546275277442641
0,-0.534777179911076
0,-0.534777179911076
0,-0.5483468347326371
1,-0.6416909830013486
0,-0.5213646254940252
0,-0.5159644250585123
0,-0.5214960436975498
0,-0.5575779941557608
0,-0.521788442496213
0,-0.5214960436975498
0,-0.5120791813159928
